player,game_id,round,player_move,computer_move,result,ai_mode,ai_prediction
Session 1,20260927-163420,1,Rock,Scissors,Win,random,
Session 1,20260927-163420,2,Rock,Paper,Loss,random,
Session 1,20260927-163420,3,Paper,Paper,Draw,random,
Session 1,20260927-163420,4,Rock,Paper,Loss,random,
Session 1,20260927-163420,5,Scissors,Rock,Loss,random,
Session 1,20260927-163420,6,Rock,Scissors,Win,random,
Session 1,20260927-163420,7,Paper,Scissors,Loss,random,
Session 1,20260927-163420,8,Rock,Rock,Draw,random,
Session 1,20260927-163420,9,Scissors,Rock,Loss,random,
Session 1,20260927-163420,10,Paper,Rock,Win,random,
Session 1,20260927-163420,11,Rock,Paper,Loss,random,
Session 1,20260927-163420,12,Rock,Rock,Draw,random,
Session 1,20260927-163420,13,Paper,Scissors,Loss,random,
Session 1,20260927-163420,14,Scissors,Rock,Loss,random,
Session 1,20260927-163420,15,Scissors,Rock,Loss,random,
Session 1,20260927-163420,16,Paper,Scissors,Loss,random,
Session 1,20260927-163420,17,Rock,Rock,Draw,random,
Session 1,20260927-163420,18,Rock,Rock,Draw,random,
Session 1,20260927-163420,19,Rock,Scissors,Win,random,
Session 1,20260927-163420,20,Paper,Rock,Win,random,
Session 1,20260927-163420,21,Rock,Scissors,Win,random,
Session 1,20260927-163420,22,Scissors,Paper,Win,random,
Session 1,20260927-163420,23,Paper,Rock,Win,random,
Session 1,20260927-163420,24,Rock,Scissors,Win,random,
Session 1,20260927-163420,25,Scissors,Rock,Loss,random,
Session 1,20260927-163420,26,Paper,Rock,Win,random,
Session 1,20260927-163420,27,Paper,Rock,Win,random,
Session 1,20260927-163420,28,Scissors,Rock,Loss,random,
Session 1,20260927-163420,29,Rock,Scissors,Win,random,
Session 1,20260927-163420,30,Rock,Rock,Draw,random,
Session 1,20260927-163420,31,Paper,Scissors,Loss,random,
Session 1,20260927-163420,32,Rock,Scissors,Win,random,
Session 1,20260927-163420,33,Paper,Paper,Draw,random,
Session 1,20260927-163420,34,Paper,Scissors,Loss,random,
Session 1,20260927-163420,35,Scissors,Paper,Win,random,
Session 1,20260927-163420,36,Rock,Rock,Draw,random,
Session 1,20260927-163420,37,Paper,Rock,Win,random,
Session 1,20260927-163420,38,Rock,Scissors,Win,random,
Session 1,20260927-163420,39,Scissors,Rock,Loss,random,
Session 1,20260927-163420,40,Rock,Paper,Loss,random,
Session 1,20260927-163420,41,Paper,Scissors,Loss,random,
Session 1,20260927-163420,42,Paper,Paper,Draw,random,
Session 1,20260927-163420,43,Scissors,Rock,Loss,random,
Session 1,20260927-163420,44,Paper,Scissors,Loss,random,
Session 1,20260927-163420,45,Paper,Paper,Draw,random,
Session 1,20260927-163420,46,Scissors,Paper,Win,random,
Session 1,20260927-163420,47,Paper,Paper,Draw,random,
Session 1,20260927-163420,48,Rock,Scissors,Win,random,
Session 1,20260927-163420,49,Rock,Paper,Loss,random,
Session 1,20260927-163420,50,Paper,Paper,Draw,random,
Session 1,20260927-163420,51,Rock,Paper,Loss,random,
Session 1,20260927-163420,52,Rock,Rock,Draw,random,
Session 1,20260927-163420,53,Scissors,Scissors,Draw,random,
Session 1,20260927-163420,54,Paper,Paper,Draw,random,
Session 1,20260927-163420,55,Paper,Scissors,Loss,random,
Session 1,20260927-163420,56,Rock,Scissors,Win,random,
Session 1,20260927-163420,57,Paper,Paper,Draw,random,
Session 1,20260927-163420,58,Scissors,Scissors,Draw,random,
Session 1,20260927-163420,59,Paper,Scissors,Loss,random,
Session 1,20260927-163420,60,Rock,Paper,Loss,random,
Session 1,20260927-163420,61,Paper,Scissors,Loss,random,
Session 1,20260927-163420,62,Paper,Scissors,Loss,random,
Session 1,20260927-163420,63,Paper,Rock,Win,random,
Session 1,20260927-163420,64,Paper,Scissors,Loss,random,
Session 1,20260927-163420,65,Rock,Rock,Draw,random,
Session 1,20260927-163420,66,Paper,Paper,Draw,random,
Session 1,20260927-163420,67,Rock,Rock,Draw,random,
Session 1,20260927-163420,68,Paper,Rock,Win,random,
Session 1,20260927-163420,69,Scissors,Paper,Win,random,
Session 1,20260927-163420,70,Scissors,Scissors,Draw,random,
Session 1,20260927-163420,71,Scissors,Rock,Loss,random,
Session 1,20260927-163420,72,Paper,Paper,Draw,random,
Session 1,20260927-163420,73,Scissors,Paper,Win,random,
Session 1,20260927-163420,74,Scissors,Rock,Loss,random,
Session 1,20260927-163420,75,Scissors,Rock,Loss,random,
Session 1,20260927-163420,76,Paper,Rock,Win,random,
Session 1,20260927-163420,77,Scissors,Paper,Win,random,
Session 1,20260927-163420,78,Paper,Paper,Draw,random,
Session 1,20260927-163420,79,Paper,Paper,Draw,random,
Session 1,20260927-163420,80,Rock,Rock,Draw,random,
Session 1,20260927-163420,81,Paper,Scissors,Loss,random,
Session 1,20260927-163420,82,Paper,Rock,Win,random,
Session 1,20260927-163420,83,Rock,Scissors,Win,random,
Session 1,20260927-163420,84,Scissors,Rock,Loss,random,
Session 1,20260927-163420,85,Scissors,Paper,Win,random,
Session 1,20260927-163420,86,Paper,Paper,Draw,random,
Session 1,20260927-163420,87,Rock,Paper,Loss,random,
Session 1,20260927-163420,88,Scissors,Scissors,Draw,random,
Session 1,20260927-163420,89,Paper,Paper,Draw,random,
Session 1,20260927-163420,90,Scissors,Rock,Loss,random,
Session 1,20260927-163420,91,Rock,Paper,Loss,random,
Session 1,20260927-163420,92,Scissors,Rock,Loss,random,
Session 1,20260927-163420,93,Paper,Rock,Win,random,
Session 1,20260927-163420,94,Rock,Scissors,Win,random,
Session 1,20260927-163420,95,Scissors,Paper,Win,random,
Session 1,20260927-163420,96,Rock,Rock,Draw,random,
Session 1,20260927-163420,97,Paper,Paper,Draw,random,
Session 1,20260927-163420,98,Rock,Paper,Loss,random,
Session 1,20260927-163420,99,Paper,Paper,Draw,random,
Session 1,20260927-163420,100,Scissors,Scissors,Draw,random,
Session 1,20260927-163420,101,Paper,Scissors,Loss,random,
Session 1,20260927-163420,102,Rock,Scissors,Win,random,
Session 1,20260927-163420,103,Rock,Rock,Draw,random,
Session 1,20260927-163420,104,Rock,Scissors,Win,random,
Session 1,20260927-163420,105,Paper,Rock,Win,random,
Session 1,20260927-163420,106,Scissors,Paper,Win,random,
Session 1,20260927-163420,107,Paper,Rock,Win,random,
Session 1,20260927-163420,108,Scissors,Paper,Win,random,
Session 1,20260927-163420,109,Scissors,Rock,Loss,random,
Session 1,20260927-163420,110,Paper,Rock,Win,random,
Session 1,20260927-163420,111,Scissors,Rock,Loss,random,
Session 1,20260927-163420,112,Scissors,Rock,Loss,random,
Session 1,20260927-163420,113,Scissors,Rock,Loss,random,
Session 1,20260927-163420,114,Scissors,Scissors,Draw,random,
Session 1,20260927-163420,115,Paper,Rock,Win,random,
Session 1,20260927-163420,116,Paper,Rock,Win,random,
Session 1,20260927-163420,117,Rock,Scissors,Win,random,
Session 1,20260927-163420,118,Paper,Paper,Draw,random,
Session 1,20260927-163420,119,Scissors,Scissors,Draw,random,
Session 1,20260927-163420,120,Scissors,Scissors,Draw,random,
Session 1,20260927-163420,121,Paper,Scissors,Loss,random,
Session 1,20260927-163420,122,Rock,Paper,Loss,random,
Session 1,20260927-163420,123,Paper,Scissors,Loss,random,
Session 1,20260927-163420,124,Rock,Paper,Loss,random,
Session 1,20260927-163420,125,Paper,Paper,Draw,random,
Session 1,20260927-163420,126,Paper,Paper,Draw,random,
Session 1,20260927-163420,127,Scissors,Rock,Loss,random,
Session 1,20260927-163420,128,Paper,Scissors,Loss,random,
Session 1,20260927-163420,129,Rock,Rock,Draw,random,
Session 1,20260927-163420,130,Paper,Rock,Win,random,
Session 1,20260927-163420,131,Paper,Rock,Win,random,
Session 1,20260927-163420,132,Scissors,Paper,Win,random,
Session 1,20260927-163420,133,Paper,Rock,Win,random,
Session 1,20260927-163420,134,Rock,Rock,Draw,random,
Session 1,20260927-163420,135,Paper,Scissors,Loss,random,
Session 1,20260927-163420,136,Paper,Rock,Win,random,
Session 1,20260927-163420,137,Scissors,Scissors,Draw,random,
Session 1,20260927-163420,138,Paper,Paper,Draw,random,
Session 1,20260927-163420,139,Rock,Scissors,Win,random,
Session 1,20260927-163420,140,Rock,Rock,Draw,random,
Session 1,20260927-163420,141,Scissors,Paper,Win,random,
Session 1,20260927-163420,142,Scissors,Paper,Win,random,
Session 1,20260927-163420,143,Scissors,Rock,Loss,random,
Session 1,20260927-163420,144,Scissors,Scissors,Draw,random,
Session 1,20260927-163420,145,Scissors,Paper,Win,random,
Session 1,20260927-163420,146,Paper,Scissors,Loss,random,
Session 1,20260927-163420,147,Paper,Paper,Draw,random,
Session 1,20260927-163420,148,Rock,Rock,Draw,random,
Session 1,20260927-163420,149,Rock,Paper,Loss,random,
Session 1,20260927-163420,150,Rock,Paper,Loss,random,
Session 1,20260927-163420,151,Paper,Scissors,Loss,random,
Session 1,20260927-163420,152,Paper,Rock,Win,random,
Session 1,20260927-163420,153,Paper,Rock,Win,random,
Session 1,20260927-163420,154,Scissors,Rock,Loss,random,
Session 1,20260927-163420,155,Rock,Rock,Draw,random,
Session 1,20260927-163420,156,Paper,Paper,Draw,random,
Session 1,20260927-163420,157,Rock,Scissors,Win,random,
Session 1,20260927-163420,158,Rock,Rock,Draw,random,
Session 1,20260927-163420,159,Scissors,Rock,Loss,random,
Session 1,20260927-163420,160,Paper,Scissors,Loss,random,
Session 1,20260927-163420,161,Scissors,Rock,Loss,random,
Session 1,20260927-163420,162,Rock,Rock,Draw,random,
Session 1,20260927-163420,163,Scissors,Paper,Win,random,
Session 1,20260927-163420,164,Paper,Paper,Draw,random,
Session 1,20260927-163420,165,Rock,Paper,Loss,random,
Session 1,20260927-163420,166,Paper,Paper,Draw,random,
Session 1,20260927-163420,167,Scissors,Paper,Win,random,
Session 1,20260927-163420,168,Scissors,Rock,Loss,random,
Session 1,20260927-163420,169,Paper,Paper,Draw,random,
Session 1,20260927-163420,170,Rock,Paper,Loss,random,
Session 1,20260927-163420,171,Rock,Paper,Loss,random,
Session 1,20260927-163420,172,Paper,Paper,Draw,random,
Session 1,20260927-163420,173,Rock,Paper,Loss,random,
Session 1,20260927-163420,174,Paper,Paper,Draw,random,
Session 1,20260927-163420,175,Paper,Rock,Win,random,
Session 1,20260927-163420,176,Paper,Scissors,Loss,random,
Session 1,20260927-163420,177,Rock,Scissors,Win,random,
Session 1,20260927-163420,178,Scissors,Scissors,Draw,random,
Session 1,20260927-163420,179,Scissors,Rock,Loss,random,
Session 1,20260927-163420,180,Scissors,Scissors,Draw,random,
Session 1,20260927-163420,181,Rock,Scissors,Win,random,
Session 1,20260927-163420,182,Paper,Scissors,Loss,random,
Session 1,20260927-163420,183,Rock,Paper,Loss,random,
Session 1,20260927-163420,184,Rock,Scissors,Win,random,
Session 1,20260927-163420,185,Paper,Paper,Draw,random,
Session 1,20260927-163420,186,Paper,Scissors,Loss,random,
Session 1,20260927-163420,187,Scissors,Paper,Win,random,
Session 1,20260927-163420,188,Paper,Rock,Win,random,
Session 1,20260927-163420,189,Rock,Paper,Loss,random,
Session 1,20260927-163420,190,Paper,Rock,Win,random,
Session 1,20260927-163420,191,Scissors,Scissors,Draw,random,
Session 1,20260927-163420,192,Scissors,Paper,Win,random,
Session 1,20260927-163420,193,Scissors,Scissors,Draw,random,
Session 1,20260927-163420,194,Paper,Rock,Win,random,
Session 1,20260927-163420,195,Rock,Rock,Draw,random,
Session 1,20260927-163420,196,Rock,Scissors,Win,random,
Session 1,20260927-163420,197,Paper,Scissors,Loss,random,
Session 1,20260927-163420,198,Paper,Paper,Draw,random,
Session 1,20260927-163420,199,Paper,Scissors,Loss,random,
Session 1,20260927-163420,200,Paper,Scissors,Loss,random,
Session 1,20260927-163420,201,Paper,Rock,Win,random,
Session 1,20260927-163420,202,Scissors,Paper,Win,random,
Session 1,20260927-163420,203,Scissors,Paper,Win,random,
Session 1,20260927-163420,204,Rock,Paper,Loss,random,
Session 1,20260927-163420,205,Rock,Scissors,Win,random,
Session 1,20260927-163420,206,Rock,Paper,Loss,random,
Session 1,20260927-163420,207,Paper,Paper,Draw,random,
Session 1,20260927-163420,208,Paper,Paper,Draw,random,
Session 1,20260927-163420,209,Paper,Paper,Draw,random,
Session 1,20260927-163420,210,Paper,Scissors,Loss,random,
Session 1,20260927-163420,211,Paper,Rock,Win,random,
Session 1,20260927-163420,212,Rock,Paper,Loss,random,
Session 1,20260927-163420,213,Paper,Paper,Draw,random,
Session 1,20260927-163420,214,Paper,Scissors,Loss,random,
Session 1,20260927-163420,215,Rock,Scissors,Win,random,
Session 1,20260927-163420,216,Paper,Scissors,Loss,random,
Session 1,20260927-163420,217,Paper,Paper,Draw,random,
Session 1,20260927-163420,218,Scissors,Rock,Loss,random,
Session 1,20260927-163420,219,Paper,Rock,Win,random,
Session 1,20260927-163420,220,Rock,Scissors,Win,random,
Session 1,20260927-163420,221,Rock,Paper,Loss,random,
Session 1,20260927-163420,222,Paper,Scissors,Loss,random,
Session 1,20260927-163420,223,Scissors,Paper,Win,random,
Session 1,20260927-163420,224,Scissors,Paper,Win,random,
Session 1,20260927-163420,225,Paper,Scissors,Loss,random,
Session 1,20260927-163420,226,Scissors,Rock,Loss,random,
Session 1,20260927-163420,227,Scissors,Rock,Loss,random,
Session 1,20260927-163420,228,Scissors,Rock,Loss,random,
Session 1,20260927-163420,229,Paper,Paper,Draw,random,
Session 1,20260927-163420,230,Paper,Rock,Win,random,
Session 1,20260927-163420,231,Rock,Paper,Loss,random,
Session 1,20260927-163420,232,Paper,Rock,Win,random,
Session 1,20260927-163420,233,Scissors,Paper,Win,random,
Session 1,20260927-163420,234,Scissors,Scissors,Draw,random,
Session 1,20260927-163420,235,Paper,Paper,Draw,random,
Session 1,20260927-163420,236,Paper,Rock,Win,random,
Session 1,20260927-163420,237,Rock,Scissors,Win,random,
Session 1,20260927-163420,238,Paper,Scissors,Loss,random,
Session 1,20260927-163420,239,Rock,Scissors,Win,random,
Session 1,20260927-163420,240,Paper,Paper,Draw,random,
Session 1,20260927-163420,241,Rock,Paper,Loss,random,
Session 1,20260927-163420,242,Paper,Scissors,Loss,random,
Session 1,20260927-163420,243,Scissors,Scissors,Draw,random,
Session 1,20260927-163420,244,Scissors,Paper,Win,random,
Session 1,20260927-163420,245,Rock,Paper,Loss,random,
Session 1,20260927-163420,246,Paper,Rock,Win,random,
Session 1,20260927-163420,247,Paper,Scissors,Loss,random,
Session 1,20260927-163420,248,Paper,Rock,Win,random,
Session 1,20260927-163420,249,Rock,Scissors,Win,random,
Session 1,20260927-163420,250,Rock,Paper,Loss,random,
Session 1,20260927-163420,251,Paper,Paper,Draw,random,
Session 2,20260927-163724,1,Rock,Rock,Draw,random,
Session 2,20260927-163724,2,Paper,Scissors,Loss,random,
Session 2,20260927-163724,3,Rock,Rock,Draw,random,
Session 2,20260927-163724,4,Scissors,Paper,Win,random,
Session 2,20260927-163724,5,Paper,Paper,Draw,random,
Session 2,20260927-163724,6,Rock,Paper,Loss,random,
Session 2,20260927-163724,7,Paper,Scissors,Loss,random,
Session 2,20260927-163724,8,Scissors,Scissors,Draw,random,
Session 2,20260927-163724,9,Scissors,Scissors,Draw,random,
Session 2,20260927-163724,10,Paper,Scissors,Loss,random,
Session 2,20260927-163724,11,Rock,Paper,Loss,random,
Session 2,20260927-163724,12,Paper,Scissors,Loss,random,
Session 2,20260927-163724,13,Scissors,Rock,Loss,random,
Session 2,20260927-163724,14,Rock,Rock,Draw,random,
Session 2,20260927-163724,15,Paper,Scissors,Loss,random,
Session 2,20260927-163724,16,Rock,Rock,Draw,random,
Session 2,20260927-163724,17,Paper,Paper,Draw,random,
Session 2,20260927-163724,18,Scissors,Rock,Loss,random,
Session 2,20260927-163724,19,Paper,Scissors,Loss,random,
Session 2,20260927-163724,20,Paper,Rock,Win,random,
Session 2,20260927-163724,21,Rock,Rock,Draw,random,
Session 2,20260927-163724,22,Rock,Scissors,Win,random,
Session 2,20260927-163724,23,Paper,Rock,Win,random,
Session 2,20260927-163724,24,Scissors,Scissors,Draw,random,
Session 2,20260927-163724,25,Paper,Paper,Draw,random,
Session 2,20260927-163724,26,Rock,Rock,Draw,random,
Session 2,20260927-163724,27,Paper,Scissors,Loss,random,
Session 2,20260927-163724,28,Scissors,Rock,Loss,random,
Session 2,20260927-163724,29,Paper,Paper,Draw,random,
Session 2,20260927-163724,30,Rock,Rock,Draw,random,
Session 2,20260927-163724,31,Paper,Paper,Draw,random,
Session 2,20260927-163724,32,Scissors,Paper,Win,random,
Session 2,20260927-163724,33,Scissors,Scissors,Draw,random,
Session 2,20260927-163724,34,Paper,Scissors,Loss,random,
Session 2,20260927-163724,35,Rock,Paper,Loss,random,
Session 2,20260927-163724,36,Rock,Paper,Loss,random,
Session 2,20260927-163724,37,Paper,Paper,Draw,random,
Session 2,20260927-163724,38,Rock,Scissors,Win,random,
Session 2,20260927-163724,39,Rock,Paper,Loss,random,
Session 2,20260927-163724,40,Scissors,Paper,Win,random,
Session 2,20260927-163724,41,Paper,Paper,Draw,random,
Session 2,20260927-163724,42,Rock,Scissors,Win,random,
Session 2,20260927-163724,43,Paper,Paper,Draw,random,
Session 2,20260927-163724,44,Rock,Rock,Draw,random,
Session 2,20260927-163724,45,Paper,Paper,Draw,random,
Session 2,20260927-163724,46,Rock,Scissors,Win,random,
Session 2,20260927-163724,47,Scissors,Scissors,Draw,random,
Session 2,20260927-163724,48,Scissors,Scissors,Draw,random,
Session 2,20260927-163724,49,Paper,Paper,Draw,random,
Session 2,20260927-163724,50,Rock,Rock,Draw,random,
Session 2,20260927-163724,51,Paper,Scissors,Loss,random,
Session 2,20260927-163724,52,Rock,Scissors,Win,random,
Session 2,20260927-163724,53,Paper,Scissors,Loss,random,
Session 2,20260927-163724,54,Scissors,Rock,Loss,random,
Session 2,20260927-163724,55,Paper,Scissors,Loss,random,
Session 2,20260927-163724,56,Rock,Scissors,Win,random,
Session 2,20260927-163724,57,Rock,Scissors,Win,random,
Session 2,20260927-163724,58,Paper,Rock,Win,random,
Session 2,20260927-163724,59,Scissors,Rock,Loss,random,
Session 2,20260927-163724,60,Scissors,Rock,Loss,random,
Session 2,20260927-163724,61,Rock,Paper,Loss,random,
Session 2,20260927-163724,62,Rock,Rock,Draw,random,
Session 2,20260927-163724,63,Paper,Scissors,Loss,random,
Session 2,20260927-163724,64,Rock,Rock,Draw,random,
Session 2,20260927-163724,65,Scissors,Scissors,Draw,random,
Session 2,20260927-163724,66,Paper,Rock,Win,random,
Session 2,20260927-163724,67,Rock,Scissors,Win,random,
Session 2,20260927-163724,68,Rock,Paper,Loss,random,
Session 2,20260927-163724,69,Paper,Scissors,Loss,random,
Session 2,20260927-163724,70,Scissors,Scissors,Draw,random,
Session 2,20260927-163724,71,Paper,Scissors,Loss,random,
Session 2,20260927-163724,72,Rock,Paper,Loss,random,
Session 2,20260927-163724,73,Rock,Rock,Draw,random,
Session 2,20260927-163724,74,Paper,Rock,Win,random,
Session 2,20260927-163724,75,Paper,Paper,Draw,random,
Session 2,20260927-163724,76,Rock,Scissors,Win,random,
Session 2,20260927-163724,77,Paper,Paper,Draw,random,
Session 2,20260927-163724,78,Scissors,Scissors,Draw,random,
Session 2,20260927-163724,79,Scissors,Scissors,Draw,random,
Session 2,20260927-163724,80,Scissors,Rock,Loss,random,
Session 2,20260927-163724,81,Paper,Paper,Draw,random,
Session 2,20260927-163724,82,Rock,Paper,Loss,random,
Session 2,20260927-163724,83,Rock,Scissors,Win,random,
Session 2,20260927-163724,84,Paper,Paper,Draw,random,
Session 2,20260927-163724,85,Paper,Paper,Draw,random,
Session 2,20260927-163724,86,Rock,Rock,Draw,random,
Session 2,20260927-163724,87,Scissors,Rock,Loss,random,
Session 2,20260927-163724,88,Rock,Scissors,Win,random,
Session 2,20260927-163724,89,Rock,Rock,Draw,random,
Session 2,20260927-163724,90,Paper,Rock,Win,random,
Session 2,20260927-163724,91,Paper,Rock,Win,random,
Session 2,20260927-163724,92,Scissors,Scissors,Draw,random,
Session 2,20260927-163724,93,Scissors,Paper,Win,random,
Session 2,20260927-163724,94,Rock,Paper,Loss,random,
Session 2,20260927-163724,95,Paper,Paper,Draw,random,
Session 2,20260927-163724,96,Rock,Rock,Draw,random,
Session 2,20260927-163724,97,Scissors,Paper,Win,random,
Session 2,20260927-163724,98,Paper,Rock,Win,random,
Session 2,20260927-163724,99,Rock,Rock,Draw,random,
Session 2,20260927-163724,100,Paper,Rock,Win,random,
Session 2,20260927-163724,101,Rock,Rock,Draw,random,
Session 2,20260927-163724,102,Paper,Rock,Win,random,
Session 2,20260927-163724,103,Scissors,Scissors,Draw,random,
Session 2,20260927-163724,104,Scissors,Rock,Loss,random,
Session 2,20260927-163724,105,Paper,Rock,Win,random,
Session 2,20260927-163724,106,Rock,Paper,Loss,random,
Session 2,20260927-163724,107,Paper,Scissors,Loss,random,
Session 2,20260927-163724,108,Paper,Rock,Win,random,
Session 2,20260927-163724,109,Paper,Scissors,Loss,random,
